{"cameraMode":{"drawMode":0,"name":"Shaded","section":"Shading Mode"},"sceneLighting":false,"audioPlay":false,"sceneViewState":{"showFog":true,"showMaterialUpdate":false,"showSkybox":false,"showFlares":true,"showImageEffects":true,"showParticleSystems":true},"in2DMode":false,"pivot":{"x":0.0002499818801879883,"y":0.0002499818801879883,"z":0.0002499818801879883},"rotation":{"x":0.012719386257231236,"y":0.165718212723732,"z":-0.0021376118529587986,"w":0.9860890507698059},"size":1.4801239967346192,"orthographic":false}