{"cameraMode":{"drawMode":0,"name":"Shaded","section":"Shading Mode"},"sceneLighting":true,"audioPlay":false,"sceneViewState":{"showFog":true,"showMaterialUpdate":false,"showSkybox":true,"showFlares":true,"showImageEffects":true,"showParticleSystems":true},"in2DMode":false,"pivot":{"x":-1.152191162109375,"y":-1.671875,"z":-1.04638671875},"rotation":{"x":0.7131833434104919,"y":-0.019964000210165979,"z":0.020334748551249505,"w":0.7004581093788147},"size":29.455917358398439,"orthographic":true}