{"cameraMode":{"drawMode":0,"name":"Shaded","section":"Shading Mode"},"sceneLighting":false,"audioPlay":false,"sceneViewState":{"showFog":true,"showMaterialUpdate":false,"showSkybox":false,"showFlares":true,"showImageEffects":true,"showParticleSystems":true},"in2DMode":false,"pivot":{"x":0.09640073776245117,"y":1.6312499046325684,"z":0.0},"rotation":{"x":0.012719386257231236,"y":0.165718212723732,"z":-0.0021376118529587986,"w":0.9860890507698059},"size":2.430454730987549,"orthographic":false}