{"cameraMode":{"drawMode":0,"name":"Shaded","section":"Shading Mode"},"sceneLighting":false,"audioPlay":false,"sceneViewState":{"showFog":true,"showMaterialUpdate":false,"showSkybox":false,"showFlares":true,"showImageEffects":true,"showParticleSystems":true},"in2DMode":false,"pivot":{"x":2.384185791015625e-7,"y":2.919999599456787,"z":0.150732159614563},"rotation":{"x":0.7190852165222168,"y":0.0066581773571670059,"z":-0.006917334161698818,"w":0.6949015259742737},"size":2.141361951828003,"orthographic":false}