{"cameraMode":{"drawMode":0,"name":"Shaded","section":"Shading Mode"},"sceneLighting":false,"audioPlay":false,"sceneViewState":{"showFog":true,"showMaterialUpdate":false,"showSkybox":false,"showFlares":true,"showImageEffects":true,"showParticleSystems":true},"in2DMode":false,"pivot":{"x":0.8511857986450195,"y":7.675699710845947,"z":-2.292330741882324},"rotation":{"x":0.01698116771876812,"y":0.8251693844795227,"z":-0.024727847427129747,"w":0.5641561150550842},"size":7.086507797241211,"orthographic":false}