{"cameraMode":{"drawMode":0,"name":"Shaded","section":"Shading Mode"},"sceneLighting":true,"audioPlay":false,"sceneViewState":{"showFog":true,"showMaterialUpdate":false,"showSkybox":true,"showFlares":true,"showImageEffects":true,"showParticleSystems":true},"in2DMode":false,"pivot":{"x":17.34037971496582,"y":10.938985824584961,"z":-18.395294189453126},"rotation":{"x":-0.5632681250572205,"y":-0.021183844655752183,"z":0.014212300069630146,"w":-0.8259763717651367},"size":28.305431365966798,"orthographic":false}