{"cameraMode":{"drawMode":0,"name":"Shaded","section":"Shading Mode"},"sceneLighting":false,"audioPlay":false,"sceneViewState":{"showFog":true,"showMaterialUpdate":false,"showSkybox":false,"showFlares":true,"showImageEffects":true,"showParticleSystems":true},"in2DMode":false,"pivot":{"x":-0.20839285850524903,"y":1.7611905336380005,"z":0.12016725540161133},"rotation":{"x":0.012719386257231236,"y":0.165718212723732,"z":-0.0021376118529587986,"w":0.9860890507698059},"size":4.200016975402832,"orthographic":false}